{"cameraMode":{"drawMode":0,"name":"Shaded","section":"Shading Mode"},"sceneLighting":true,"audioPlay":false,"sceneViewState":{"showFog":true,"showMaterialUpdate":true,"showSkybox":true,"showFlares":true,"showImageEffects":true,"showParticleSystems":true},"in2DMode":false,"pivot":{"x":30.896251678466798,"y":45.56376647949219,"z":39.01191329956055},"rotation":{"x":0.12673480808734895,"y":0.4507490396499634,"z":-0.06482793390750885,"w":0.8812270164489746},"size":22.0,"orthographic":false}